Model,Accuracy
mlp_optimized,0.054285714285714284
mlp,0.045714285714285714
